Institution ID,Inst CRM ID,Dept Name,Department ID
ABA Centre ROSTOK,D47AA861-4755-E911-8106-000C29A8E632,Resource Center for Inclusion in Education,8479
ABA Centre ROSTOK,D47AA861-4755-E911-8106-000C29A8E632,Registered Course,9804
ABA Spain Madrid,0857E065-6200-E411-BEB5-00505683000D,UnNamedDepartment,8568
ABA Spain Madrid,0857E065-6200-E411-BEB5-00505683000D,ABA España,8492
ABA Spain Madrid,0857E065-6200-E411-BEB5-00505683000D,Registered Course,9805
ABA Training Solutions,F6102C78-BD54-E911-8106-000C29A8E632,UnNamedDepartment,8532
ABA Training Solutions,F6102C78-BD54-E911-8106-000C29A8E632,Registered Course,9806
ABA-CARDP,CA01C35E-A15B-E911-8106-000C29A8E632,ABA-CARDP,8242
ABA-CARDP,CA01C35E-A15B-E911-8106-000C29A8E632,Registered Course,9807
Al-Balqa' Applied University,,Registered Course,9808
Al-Balqa' Applied University,,Unknown,11908
Alcanzando,DEB48AAF-BE54-E911-8106-000C29A8E632,Alcanzando,8330
Alcanzando,DEB48AAF-BE54-E911-8106-000C29A8E632,Registered Course,9809
American University of Beirut,2545EF0A-BC54-E911-8106-000C29A8E632,Psychology,8435
American University of Beirut,2545EF0A-BC54-E911-8106-000C29A8E632,Registered Course,9810
Antioch University,297383A1-F5B1-E811-8102-000C29A8E632,Applied Behavior Analysis Certificate Program,8255
Antioch University,297383A1-F5B1-E811-8102-000C29A8E632,Registered Course,9811
Arcadia University,16E6FC4D-6200-E411-BEB5-00505683000D,Education,8263
Arcadia University,16E6FC4D-6200-E411-BEB5-00505683000D,Registered Course,9812
Argosy University Phoenix,,Registered Course,9813
Argosy University Phoenix,,Unknown,11909
Arizona State University,809421AC-5BF0-E511-A054-0050569C00A7,Educational Leadership and Innovation,8274
Arizona State University,809421AC-5BF0-E511-A054-0050569C00A7,Psychology,8611
Arizona State University,809421AC-5BF0-E511-A054-0050569C00A7,Registered Course,9814
Arizona State University,809421AC-5BF0-E511-A054-0050569C00A7,Special Education,11807
Association Agir et Vivre l'Autisme,C4EA6C4C-4855-E911-8106-000C29A8E632,Association,8607
Association Agir et Vivre l'Autisme,C4EA6C4C-4855-E911-8106-000C29A8E632,UnNamedDepartment,8626
Association Agir et Vivre l'Autisme,C4EA6C4C-4855-E911-8106-000C29A8E632,Registered Course,9815
Association for training in Neurodevelopment Monorodi,F80242BD-4955-E911-8106-000C29A8E632,Monorodi,8475
Association for training in Neurodevelopment Monorodi,F80242BD-4955-E911-8106-000C29A8E632,Registered Course,9816
Association Francaise de L'ABA,6B836A1E-4B55-E911-8106-000C29A8E632,UnNamedDepartment,8447
Association Francaise de L'ABA,6B836A1E-4B55-E911-8106-000C29A8E632,Psychology,8509
Association Francaise de L'ABA,6B836A1E-4B55-E911-8106-000C29A8E632,Registered Course,9817
"Associations for the Advancement of Radical Behavior Analysis and the Italian-American Association of Behavior Analysis and Modification, and Behavioral-Cognitive Therapy (AARBA-AIAMC)",97CE5E1E-A15B-E911-8106-000C29A8E632,AARBA-AIAMC,8555
"Associations for the Advancement of Radical Behavior Analysis and the Italian-American Association of Behavior Analysis and Modification, and Behavioral-Cognitive Therapy (AARBA-AIAMC)",97CE5E1E-A15B-E911-8106-000C29A8E632,Registered Course,9818
Assumption College,75B2BBC9-4B55-E911-8106-000C29A8E632,Psychology,8245
Assumption College,75B2BBC9-4B55-E911-8106-000C29A8E632,Registered Course,9819
Atbalsts Latvia,8BFEA0ED-4C55-E911-8106-000C29A8E632,Atbalsts Latvia,8575
Atbalsts Latvia,8BFEA0ED-4C55-E911-8106-000C29A8E632,Registered Course,9820
Atbalsts Latvia,8BFEA0ED-4C55-E911-8106-000C29A8E632,Education,10709
Auburn University,D99548F8-CC92-E511-A86B-0050569C00A7,Special Education,8299
Auburn University,D99548F8-CC92-E511-A86B-0050569C00A7,Psychology,8217
Auburn University,D99548F8-CC92-E511-A86B-0050569C00A7,Registered Course,9821
Aurora University,0399D86B-6200-E411-BEB5-00505683000D,Behavior Analysis,8272
Aurora University,0399D86B-6200-E411-BEB5-00505683000D,Applied Behavior Analysis,8416
Aurora University,0399D86B-6200-E411-BEB5-00505683000D,Registered Course,9822
Azerbaijan Agdam Social College,7D7A5632-A15B-E911-8106-000C29A8E632,Department of Additional and Continuing Education,8232
Azerbaijan Agdam Social College,7D7A5632-A15B-E911-8106-000C29A8E632,Registered Course,9823
Azusa Pacific University,609D71D6-4E55-E911-8106-000C29A8E632,Education,8361
Azusa Pacific University,609D71D6-4E55-E911-8106-000C29A8E632,Registered Course,9824
Baekseok University,0F8D354C-4F55-E911-8106-000C29A8E632,Education,8220
Baekseok University,0F8D354C-4F55-E911-8106-000C29A8E632,Registered Course,9825
Ball State University,E7D84F21-F2B1-E411-B490-0050569C00A7,Special Education,8608
Ball State University,E7D84F21-F2B1-E411-B490-0050569C00A7,Registered Course,9826
Bangor University,C5834E19-5555-E911-8106-000C29A8E632,School of Psychology,8331
Bangor University,C5834E19-5555-E911-8106-000C29A8E632,Registered Course,9827
Bangor University,C5834E19-5555-E911-8106-000C29A8E632,Psychology,10707
Bangor University,C5834E19-5555-E911-8106-000C29A8E632,Unknown,11910
Bay Path University,4E99D86B-6200-E411-BEB5-00505683000D,Education and Psychology,8619
Bay Path University,4E99D86B-6200-E411-BEB5-00505683000D,Registered Course,9828
Bay Path University,4E99D86B-6200-E411-BEB5-00505683000D,Unknown,11911
Baylor University,D22BD0DF-5755-E911-8106-000C29A8E632,Educational Psychology,8207
Baylor University,D22BD0DF-5755-E911-8106-000C29A8E632,Registered Course,9829
Behavior Momentum India,8298D86B-6200-E411-BEB5-00505683000D,Behavior Analysis,8302
Behavior Momentum India,8298D86B-6200-E411-BEB5-00505683000D,Registered Course,9830
Behaviour Analysis Academy,FF3D417C-5B55-E911-8106-000C29A8E632,Behaviour Analysis Academy of Malaysia,8280
Behaviour Analysis Academy,FF3D417C-5B55-E911-8106-000C29A8E632,Registered Course,9831
Behaviour Analysis Academy,FF3D417C-5B55-E911-8106-000C29A8E632,Behavior Analysis,11007
Beijing Normal University,D775280C-6B55-E911-8106-000C29A8E632,Special Education,8803
Beijing Normal University,D775280C-6B55-E911-8106-000C29A8E632,Education Research Center for Children with Autism,8354
Beijing Normal University,D775280C-6B55-E911-8106-000C29A8E632,Registered Course,9832
Beit Berl College,D3152715-6E55-E911-8106-000C29A8E632,Behavior Analysis,8403
Beit Berl College,D3152715-6E55-E911-8106-000C29A8E632,Registered Course,9833
Berry College,2EA32770-6F55-E911-8106-000C29A8E632,Psychology,8342
Berry College,2EA32770-6F55-E911-8106-000C29A8E632,Registered Course,9834
Biruni University,AEB38661-7055-E911-8106-000C29A8E632,Education,8329
Biruni University,AEB38661-7055-E911-8106-000C29A8E632,Registered Course,9835
Boston College,,Registered Course,9836
Boston College,,,11912
Bowling Green State University,9CB928ED-DC57-E911-8106-000C29A8E632,Special Education,8214
Bowling Green State University,9CB928ED-DC57-E911-8106-000C29A8E632,Registered Course,9837
Brandman University,5B00FF28-7155-E911-8106-000C29A8E632,Special Education,8616
Brandman University,5B00FF28-7155-E911-8106-000C29A8E632,Extended Education,8613
Brandman University,5B00FF28-7155-E911-8106-000C29A8E632,Registered Course,9838
Briar Cliff University,B8772B4D-7255-E911-8106-000C29A8E632,Psychology,8522
Briar Cliff University,B8772B4D-7255-E911-8106-000C29A8E632,Registered Course,9839
Brigham Young University,49E7FC4D-6200-E411-BEB5-00505683000D,Counseling Psychology and Special Education,8544
Brigham Young University,49E7FC4D-6200-E411-BEB5-00505683000D,Registered Course,9840
Brock University,E798D86B-6200-E411-BEB5-00505683000D,Applied Disability Studies,8327
Brock University,E798D86B-6200-E411-BEB5-00505683000D,Registered Course,9841
Cairn University,21F28B1F-7355-E911-8106-000C29A8E632,UnNamedDepartment,8254
Cairn University,21F28B1F-7355-E911-8106-000C29A8E632,Special Education,8470
Cairn University,21F28B1F-7355-E911-8106-000C29A8E632,Registered Course,9842
Caldwell University,C678D8AB-2AB2-E411-B490-0050569C00A7,Applied Behavior Analysis,8256
Caldwell University,C678D8AB-2AB2-E411-B490-0050569C00A7,Registered Course,9843
California Polytechnic State University,,Registered Course,9844
California Polytechnic State University,,Unknown,11913
California State University Fresno,350ABAAD-1056-E911-8106-000C29A8E632,Psychology,8484
California State University Fresno,350ABAAD-1056-E911-8106-000C29A8E632,Registered Course,9845
California State University Los Angeles,20331563-1156-E911-8106-000C29A8E632,Special Education and Counseling,8266
California State University Los Angeles,20331563-1156-E911-8106-000C29A8E632,Department of Special Education & Counseling,8507
California State University Los Angeles,20331563-1156-E911-8106-000C29A8E632,Psychology,8536
California State University Los Angeles,20331563-1156-E911-8106-000C29A8E632,Registered Course,9846
California State University Monterey Bay,59412A2C-1256-E911-8106-000C29A8E632,Education,8612
California State University Monterey Bay,59412A2C-1256-E911-8106-000C29A8E632,Registered Course,9847
California State University Northridge,6EE7FC4D-6200-E411-BEB5-00505683000D,Psychology,8346
California State University Northridge,6EE7FC4D-6200-E411-BEB5-00505683000D,Registered Course,9848
California State University Sacramento,DD504B36-C7B2-E411-BF61-0050569C00A7,Psychology,8622
California State University Sacramento,DD504B36-C7B2-E411-BF61-0050569C00A7,Registered Course,9849
California State University San Marcos,E728FD71-1356-E911-8106-000C29A8E632,Education,8228
California State University San Marcos,E728FD71-1356-E911-8106-000C29A8E632,Registered Course,9850
California State University Stanislaus,0AF713D3-4B0A-E711-A8BD-0050569C00A7,Psychology,8250
California State University Stanislaus,0AF713D3-4B0A-E711-A8BD-0050569C00A7,Registered Course,9851
California University of Pennsylvania,EC053641-1556-E911-8106-000C29A8E632,Special Education,8580
California University of Pennsylvania,EC053641-1556-E911-8106-000C29A8E632,Registered Course,9852
Cambridge College,5B0A8A8E-59B1-E411-B490-0050569C00A7,Special Education,8434
Cambridge College,5B0A8A8E-59B1-E411-B490-0050569C00A7,Registered Course,9853
Cambridge College,5B0A8A8E-59B1-E411-B490-0050569C00A7,Education,11407
Capella University,F9056B9F-A32B-E911-8106-000C29A8E632,Psychology,8218
Capella University,F9056B9F-A32B-E911-8106-000C29A8E632,Registered Course,9854
Capella University,F9056B9F-A32B-E911-8106-000C29A8E632,,11914
Capilano University,9C21921F-8AB4-E511-990B-0050569C00C5,Applied Behavior Analysis - Autism,8530
Capilano University,9C21921F-8AB4-E511-990B-0050569C00C5,Registered Course,9855
CAPPDR-SEEK,2090EE70-A15B-E911-8106-000C29A8E632,Behavior Analysis,8318
CAPPDR-SEEK,2090EE70-A15B-E911-8106-000C29A8E632,SEEK ABA-Taiwan,8438
CAPPDR-SEEK,2090EE70-A15B-E911-8106-000C29A8E632,Registered Course,9856
Carlos Albizu University,,Registered Course,9857
Carlos Albizu University,,,11915
Centenary University,,Registered Course,9858
Centenary University,,,11916
Central Methodist University,6B96C58C-1656-E911-8106-000C29A8E632,Behavior Analysis,8601
Central Methodist University,6B96C58C-1656-E911-8106-000C29A8E632,Psychology,8631
Central Methodist University,6B96C58C-1656-E911-8106-000C29A8E632,Registered Course,9859
Central Michigan University,308BF753-6200-E411-BEB5-00505683000D,Psychology,8606
Central Michigan University,308BF753-6200-E411-BEB5-00505683000D,Registered Course,9860
Central Washington University,378BF753-6200-E411-BEB5-00505683000D,Psychology,8407
Central Washington University,378BF753-6200-E411-BEB5-00505683000D,Registered Course,9861
Central Washington University,378BF753-6200-E411-BEB5-00505683000D,,11917
Chapman University,914D1849-1756-E911-8106-000C29A8E632,Extended Education,8514
Chapman University,914D1849-1756-E911-8106-000C29A8E632,Registered Course,9862
Chicago School of Professional Psychology,0C50719A-2A14-E411-B0E2-0050569C00A7,Applied Behavior Analysis,8247
Chicago School of Professional Psychology,0C50719A-2A14-E411-B0E2-0050569C00A7,Behavior Analysis,8236
Chicago School of Professional Psychology,0C50719A-2A14-E411-B0E2-0050569C00A7,Dept of Applied Behavior Analysis-DC Campus,8437
Chicago School of Professional Psychology,0C50719A-2A14-E411-B0E2-0050569C00A7,UnNamedDepartment,8576
Chicago School of Professional Psychology,0C50719A-2A14-E411-B0E2-0050569C00A7,Registered Course,9863
Claremont Graduate University,,Registered Course,9864
Claremont Graduate University,,,11918
Clarion University,681CEC1A-1856-E911-8106-000C29A8E632,Special Education,8303
Clarion University,681CEC1A-1856-E911-8106-000C29A8E632,Registered Course,9865
Clemson University,64717A50-1B56-E911-8106-000C29A8E632,Youth Learning Institute,8609
Clemson University,64717A50-1B56-E911-8106-000C29A8E632,Registered Course,9866
Cleveland State University,BB6D8CDB-1D56-E911-8106-000C29A8E632,Teacher Education,8495
Cleveland State University,BB6D8CDB-1D56-E911-8106-000C29A8E632,Registered Course,9867
Cleveland State University,BB6D8CDB-1D56-E911-8106-000C29A8E632,,11919
College of Mount Saint Vincent,3FB42883-1E56-E911-8106-000C29A8E632,Teacher Education,8450
College of Mount Saint Vincent,3FB42883-1E56-E911-8106-000C29A8E632,Registered Course,9868
College of Staten Island,,Registered Course,9869
College of Staten Island,,,11920
Columbia University Teachers College,C08BF753-6200-E411-BEB5-00505683000D,Special Education,8574
Columbia University Teachers College,C08BF753-6200-E411-BEB5-00505683000D,Registered Course,9870
Consorzio Universitario Humanitas,F85A843D-1F56-E911-8106-000C29A8E632,Human Sciences Department,8271
Consorzio Universitario Humanitas,F85A843D-1F56-E911-8106-000C29A8E632,Registered Course,9871
Daegu Cyber University,FCCD36FE-A599-E911-810E-000C29A8E632,Department of Behavior Therapy,8418
Daegu Cyber University,FCCD36FE-A599-E911-810E-000C29A8E632,Registered Course,9872
Daemen College,CC279C66-2D56-E911-8106-000C29A8E632,Education,8537
Daemen College,CC279C66-2D56-E911-8106-000C29A8E632,Registered Course,9873
Daemen College,CC279C66-2D56-E911-8106-000C29A8E632,Behavior Analysis,10209
Dar Al Hekma University,1325DA8F-3356-E911-8106-000C29A8E632,Special Education,8269
Dar Al Hekma University,1325DA8F-3356-E911-8106-000C29A8E632,Registered Course,9874
Dar Al Hekma University,1325DA8F-3356-E911-8106-000C29A8E632,Behavior Analysis,10310
David Yellin Academic College of Education,4B5DB809-3156-E911-8106-000C29A8E632,Education,8610
David Yellin Academic College of Education,4B5DB809-3156-E911-8106-000C29A8E632,Registered Course,9875
David Yellin Academic College of Education,4B5DB809-3156-E911-8106-000C29A8E632,School of Continuing Education,10307
Deree College The American College of Greece,D5FF7ABB-3156-E911-8106-000C29A8E632,Psychology,8276
Deree College The American College of Greece,D5FF7ABB-3156-E911-8106-000C29A8E632,Registered Course,9876
Douglas College,95212377-3456-E911-8106-000C29A8E632,Classroom and Community Support,8630
Douglas College,95212377-3456-E911-8106-000C29A8E632,Disability and Community Studies,8498
Douglas College,95212377-3456-E911-8106-000C29A8E632,Registered Course,9877
Drake University,6B8CF753-6200-E411-BEB5-00505683000D,Applied Behavior Analysis,8235
Drake University,6B8CF753-6200-E411-BEB5-00505683000D,Registered Course,9878
Drake University,6B8CF753-6200-E411-BEB5-00505683000D,Psychology,10708
Drexel University,B916079B-D7AB-E411-B490-0050569C00A7,Special Education,8401
Drexel University,B916079B-D7AB-E411-B490-0050569C00A7,Registered Course,9879
Duquesne University,E9EF900E-3756-E911-8106-000C29A8E632,"Department of Counseling, Psychology & Special Education",8326
Duquesne University,E9EF900E-3756-E911-8106-000C29A8E632,Registered Course,9880
East Carolina University,,Registered Course,9881
East Carolina University,,,11921
East Stroudsburg University,797C643F-3A56-E911-8106-000C29A8E632,Special Education,8472
East Stroudsburg University,797C643F-3A56-E911-8106-000C29A8E632,Registered Course,9882
Eastern Connecticut State University,2FF777E2-3B56-E911-8106-000C29A8E632,Psychology,8336
Eastern Connecticut State University,2FF777E2-3B56-E911-8106-000C29A8E632,Registered Course,9883
Eastern Kentucky University,CD122CD4-4A00-E711-9967-0050569C00A7,Psychology,11211
Eastern Michigan University,E9A98FA9-04B2-E411-B490-0050569C00A7,Registered Course,9884
Eastern Michigan University,E9A98FA9-04B2-E411-B490-0050569C00A7,Psychology,11210
Eastern University,8D9A2B33-3D56-E911-8106-000C29A8E632,Counseling Psychology,8265
Eastern University,8D9A2B33-3D56-E911-8106-000C29A8E632,Registered Course,9885
Elms College,66C383BC-4C56-E911-8106-000C29A8E632,Communication Sciences and Disorders,8300
Elms College,66C383BC-4C56-E911-8106-000C29A8E632,Registered Course,9886
Emirates College for Advanced Education,ABED38A3-4D56-E911-8106-000C29A8E632,"Counseling, Special Education and Neuroscience",8282
Emirates College for Advanced Education,ABED38A3-4D56-E911-8106-000C29A8E632,Registered Course,9887
Endicott College,2758E065-6200-E411-BEB5-00505683000D,Department of Special Education,8463
Endicott College,2758E065-6200-E411-BEB5-00505683000D,Education,8647
Endicott College,2758E065-6200-E411-BEB5-00505683000D,Registered Course,9888
Endicott College,2758E065-6200-E411-BEB5-00505683000D,Special Education,10907
Endicott College,2758E065-6200-E411-BEB5-00505683000D,,11922
"Faculdade INESP - Grupo Método, São Paulo",6E82BD46-F6C6-E711-B1D2-000D3A30C887,Registered Course,9889
Fairleigh Dickinson University,,Registered Course,9890
Fairleigh Dickinson University,,,11923
Fanshawe College,,Registered Course,10204
Fanshawe College,,,11924
Federal University of Sao Carlos,28034D7E-D656-E911-8106-000C29A8E632,Psychology,8562
Federal University of Sao Carlos,28034D7E-D656-E911-8106-000C29A8E632,Registered Course,9891
Federal University of Sao Carlos,28034D7E-D656-E911-8106-000C29A8E632,,11925
Federal University of São Carlos,28034D7E-D656-E911-8106-000C29A8E632,Psychology,11208
Felician University,C9AFD37F-DE56-E911-8106-000C29A8E632,School of Education,8352
Felician University,C9AFD37F-DE56-E911-8106-000C29A8E632,UnNamedDepartment,8493
Felician University,C9AFD37F-DE56-E911-8106-000C29A8E632,Registered Course,9892
Felician University,C9AFD37F-DE56-E911-8106-000C29A8E632,Special Education,10207
Fitchburg State University,056E9E96-DF56-E911-8106-000C29A8E632,Education,8615
Fitchburg State University,056E9E96-DF56-E911-8106-000C29A8E632,Registered Course,9893
Fitchburg State University,056E9E96-DF56-E911-8106-000C29A8E632,,11926
Florida Atlantic University,E757D3B4-E3B0-E611-A5C2-0050569C00A7,Special Education,8252
Florida Atlantic University,E757D3B4-E3B0-E611-A5C2-0050569C00A7,Registered Course,9894
Florida Atlantic University,E757D3B4-E3B0-E611-A5C2-0050569C00A7,,11927
Florida Institute of Technology,F58CF753-6200-E411-BEB5-00505683000D,Behavior Analysis,8223
Florida Institute of Technology,F58CF753-6200-E411-BEB5-00505683000D,School of Behavior Analysis,8589
Florida Institute of Technology,F58CF753-6200-E411-BEB5-00505683000D,Registered Course,9895
Florida Institute of Technology,F58CF753-6200-E411-BEB5-00505683000D,,11928
Florida International University,F98CF753-6200-E411-BEB5-00505683000D,UnNamedDepartment,8476
Florida International University,F98CF753-6200-E411-BEB5-00505683000D,Psychology,8231
Florida International University,F98CF753-6200-E411-BEB5-00505683000D,Registered Course,9896
Florida State University,8E76915A-E856-E911-8106-000C29A8E632,Psychology,8305
Florida State University,8E76915A-E856-E911-8106-000C29A8E632,Registered Course,9897
Francis Marion University,E79D52D7-FA56-E911-8106-000C29A8E632,Department of Psychology,8469
Francis Marion University,E79D52D7-FA56-E911-8106-000C29A8E632,Registered Course,9898
Franciscan Missionaries of Our Lady University,AF7840A9-A666-E911-8106-000C29A8E632,Psychology,8206
Franciscan Missionaries of Our Lady University,AF7840A9-A666-E911-8106-000C29A8E632,Registered Course,9899
Fresno Pacific University,04725887-195A-E911-8106-000C29A8E632,Pupil Personnel Services,8586
Fresno Pacific University,04725887-195A-E911-8106-000C29A8E632,Registered Course,9900
George Brown College,258DF753-6200-E411-BEB5-00505683000D,School of Health and Wellness,8345
George Brown College,258DF753-6200-E411-BEB5-00505683000D,Health & Wellness,8487
George Brown College,258DF753-6200-E411-BEB5-00505683000D,Registered Course,9901
George Brown College,258DF753-6200-E411-BEB5-00505683000D,,11929
George Mason University,B06AEB13-1A5A-E911-8106-000C29A8E632,Special Education,8432
George Mason University,B06AEB13-1A5A-E911-8106-000C29A8E632,Registered Course,9902
Georgia Southern University - Armstrong,F167B8F2-1A5A-E911-8106-000C29A8E632,Psychology,8461
Georgia Southern University - Armstrong,F167B8F2-1A5A-E911-8106-000C29A8E632,Department of Psychology,8591
Georgia Southern University - Armstrong,F167B8F2-1A5A-E911-8106-000C29A8E632,Registered Course,9903
Georgia State University,2D8DF753-6200-E411-BEB5-00505683000D,Learning Sciences,8624
Georgia State University,2D8DF753-6200-E411-BEB5-00505683000D,Registered Course,9904
Georgia State University,2D8DF753-6200-E411-BEB5-00505683000D,,11930
Georgian Court University,3958E065-6200-E411-BEB5-00505683000D,Psychology,8341
Georgian Court University,3958E065-6200-E411-BEB5-00505683000D,Registered Course,9905
Georgian Court University,3958E065-6200-E411-BEB5-00505683000D,,11931
Gonzaga University,3F8DF753-6200-E411-BEB5-00505683000D,Department of Special Education,8439
Gonzaga University,3F8DF753-6200-E411-BEB5-00505683000D,Registered Course,9906
Gonzaga University,3F8DF753-6200-E411-BEB5-00505683000D,Special Education,10208
Grand Valley State University,3E418318-B087-E511-A86B-0050569C00A7,Psychology,8359
Grand Valley State University,3E418318-B087-E511-A86B-0050569C00A7,Registered Course,9907
Grupo Conduzir,A4E795DF-5AFD-E811-8106-000C29A8E632,Education,8617
Grupo Conduzir,A4E795DF-5AFD-E811-8106-000C29A8E632,Registered Course,9908
Hebrew University of Jerusalem,0E88E5FF-1D5A-E911-8106-000C29A8E632,"School of Education, Deparment of Continuing Education",8309
Hebrew University of Jerusalem,0E88E5FF-1D5A-E911-8106-000C29A8E632,UnNamedDepartment,8363
Hebrew University of Jerusalem,0E88E5FF-1D5A-E911-8106-000C29A8E632,Registered Course,9909
Hofstra University,858DF753-6200-E411-BEB5-00505683000D,Special Education,8571
Hofstra University,858DF753-6200-E411-BEB5-00505683000D,Registered Course,9910
Hong Kong Association for Behavior Analysis,4457E065-6200-E411-BEB5-00505683000D,Rehabilitation Sciences,8425
Hong Kong Association for Behavior Analysis,4457E065-6200-E411-BEB5-00505683000D,HKABA,8519
Hong Kong Association for Behavior Analysis,4457E065-6200-E411-BEB5-00505683000D,Registered Course,9911
Hong Kong Association for Behavior Analysis,4457E065-6200-E411-BEB5-00505683000D,Special Education,11107
Hong Kong Association for Behavior Analysis,4457E065-6200-E411-BEB5-00505683000D,,11932
Humber College,732E3946-1F5A-E911-8106-000C29A8E632,School of Social & Community Services,8288
Humber College,732E3946-1F5A-E911-8106-000C29A8E632,School of Community and Social Services,8259
Humber College,732E3946-1F5A-E911-8106-000C29A8E632,Registered Course,9912
Hunter College,FE8F70AB-1F5A-E911-8106-000C29A8E632,Special Education,8464
Hunter College,FE8F70AB-1F5A-E911-8106-000C29A8E632,Registered Course,9913
Indian River State College,,Registered Course,9914
Indian River State College,,,11933
Instituto Walden 4,A201FB4A-A15B-E911-8106-000C29A8E632,Instituto Walden 4,8517
Instituto Walden 4,A201FB4A-A15B-E911-8106-000C29A8E632,Instituto Walden4,8496
Instituto Walden 4,A201FB4A-A15B-E911-8106-000C29A8E632,Registered Course,9915
International Training Center for Applied Behavior Analysis,04A37D08-215A-E911-8106-000C29A8E632,Behavior Analysis,8594
International Training Center for Applied Behavior Analysis,04A37D08-215A-E911-8106-000C29A8E632,Registered Course,9916
"Istituto per la Ricerca, la Formazione e l'Informazione sulle Disabilità (IRFID)",F7E22414-225A-E911-8106-000C29A8E632,"Istituto per la Ricerca, la Formazione e l'Informazione sulle Disabilità (IRFID)",8904
"Istituto per la Ricerca, la Formazione e l'Informazione sulle Disabilità (IRFID)",F7E22414-225A-E911-8106-000C29A8E632,Registered Course,9917
"Istituto per la Ricerca, la Formazione e l'Informazione sulle Disabilità  (IRFID)",F7E22414-225A-E911-8106-000C29A8E632,"Istituto per la Ricerca, la Formazione e l'Informazione sulle Disabilità (IRFID)",11207
"Istituto per la Ricerca, la Formazione e l'Informazione sulle DisabilitÃ  (IRFID)",F7E22414-225A-E911-8106-000C29A8E632,"Istituto per la Ricerca, la Formazione e l'Informazione sulle Disabilità (IRFID)",9004
Jacksonville State University,BA7F41EA-4221-E711-B720-0050569C00A7,Psychology,8317
Jacksonville State University,BA7F41EA-4221-E711-B720-0050569C00A7,Registered Course,9918
James Madison University,8FCEEF59-6200-E411-BEB5-00505683000D,Graduate Psychology / Exceptional education,8595
James Madison University,8FCEEF59-6200-E411-BEB5-00505683000D,Registered Course,9919
Johns Hopkins University,0D7383A1-F5B1-E811-8102-000C29A8E632,Special Education,8323
Johns Hopkins University,0D7383A1-F5B1-E811-8102-000C29A8E632,Registered Course,9920
Johns Hopkins University,0D7383A1-F5B1-E811-8102-000C29A8E632,,11934
Kean University,6E7BFD4C-255A-E911-8106-000C29A8E632,Special Education,8478
Kean University,6E7BFD4C-255A-E911-8106-000C29A8E632,Registered Course,9921
Keiser University,C724B627-375A-E911-8106-000C29A8E632,Psychology,8534
Keiser University,C724B627-375A-E911-8106-000C29A8E632,Registered Course,9922
Kent State University,C2CEEF59-6200-E411-BEB5-00505683000D,Special Education,8587
Kent State University,C2CEEF59-6200-E411-BEB5-00505683000D,Registered Course,9923
Kibbutzim College,ADA8FD94-255A-E911-8106-000C29A8E632,School for advanced studies,8520
Kibbutzim College,ADA8FD94-255A-E911-8106-000C29A8E632,Advanced Studies,8541
Kibbutzim College,ADA8FD94-255A-E911-8106-000C29A8E632,Registered Course,9924
King Saud University,,Registered Course,9925
King Saud University,,,11935
Kinneret Academic College in the Jordan Valley,6189624A-265A-E911-8106-000C29A8E632,Behavior Analysis,8459
Kinneret Academic College in the Jordan Valley,6189624A-265A-E911-8106-000C29A8E632,Registered Course,9926
Kongju National University,4B81F72C-275A-E911-8106-000C29A8E632,Behavioral Psychology and Intervention,8293
Kongju National University,4B81F72C-275A-E911-8106-000C29A8E632,Registered Course,9927
Konrad Lorenz University,80FF851B-285A-E911-8106-000C29A8E632,Psychology,8489
Konrad Lorenz University,80FF851B-285A-E911-8106-000C29A8E632,Registered Course,9928
Kore University - IESCUM,91B4DBDF-295A-E911-8106-000C29A8E632,M-PSI/01 - Psicologia generale,8535
Kore University - IESCUM,91B4DBDF-295A-E911-8106-000C29A8E632,psychology,8578
Kore University - IESCUM,91B4DBDF-295A-E911-8106-000C29A8E632,Registered Course,9929
Kutztown University of Pennsylvania,AFD31550-2B5A-E911-8106-000C29A8E632,Special Education,8339
Kutztown University of Pennsylvania,AFD31550-2B5A-E911-8106-000C29A8E632,Registered Course,9930
La Sierra University,80157516-2C5A-E911-8106-000C29A8E632,School Psychology & Counseling,8451
La Sierra University,80157516-2C5A-E911-8106-000C29A8E632,Registered Course,9931
La Sierra University,80157516-2C5A-E911-8106-000C29A8E632,Education,11408
Lamar University,,Registered Course,9932
Lamar University,,,11936
Lambton College,5C208737-385A-E911-8106-000C29A8E632,School of Community Studies & Liberal Arts,8281
Lambton College,5C208737-385A-E911-8106-000C29A8E632,Registered Course,9933
Lehigh University,02CFEF59-6200-E411-BEB5-00505683000D,Special Education,8423
Lehigh University,02CFEF59-6200-E411-BEB5-00505683000D,Registered Course,9934
Lehigh University,02CFEF59-6200-E411-BEB5-00505683000D,,11937
Lindenwood University,875902E1-385A-E911-8106-000C29A8E632,Educational Leadership,8488
Lindenwood University,875902E1-385A-E911-8106-000C29A8E632,Registered Course,9935
Lipscomb University,A799B828-395A-E911-8106-000C29A8E632,Education,8453
Lipscomb University,A799B828-395A-E911-8106-000C29A8E632,Registered Course,9936
Long Island University,79028965-BAB2-E411-BF61-0050569C00A7,Psychology,8324
Long Island University,79028965-BAB2-E411-BF61-0050569C00A7,Counseling and School Psychology,8202
Long Island University,79028965-BAB2-E411-BF61-0050569C00A7,UnNamedDepartment,8491
Long Island University,79028965-BAB2-E411-BF61-0050569C00A7,Registered Course,9937
Louisiana State University,28CFEF59-6200-E411-BEB5-00505683000D,Psychology,8506
Louisiana State University,28CFEF59-6200-E411-BEB5-00505683000D,Registered Course,9938
Loyola Marymount University,455B9627-3A5A-E911-8106-000C29A8E632,Psychology,8547
Loyola Marymount University,455B9627-3A5A-E911-8106-000C29A8E632,Registered Course,9939
Loyola Marymount University,455B9627-3A5A-E911-8106-000C29A8E632,,11938
MacEwan University,1B277472-C55A-E911-8106-000C29A8E632,Psychology,8508
MacEwan University,1B277472-C55A-E911-8106-000C29A8E632,Registered Course,9940
"Malta College of Arts, Science, & Technology",540DBF99-C55A-E911-8106-000C29A8E632,Malta Gateway to Industry in Collaboration with MCAST University College,8343
"Malta College of Arts, Science, & Technology",540DBF99-C55A-E911-8106-000C29A8E632,Registered Course,9941
Manhattanville College,2822F0ED-C55A-E911-8106-000C29A8E632,Special Education,8466
Manhattanville College,2822F0ED-C55A-E911-8106-000C29A8E632,Registered Course,9942
Manhattanville College,2822F0ED-C55A-E911-8106-000C29A8E632,,11939
Marquette University,359C1116-C65A-E911-8106-000C29A8E632,Psychology,8224
Marquette University,359C1116-C65A-E911-8106-000C29A8E632,Registered Course,9943
Mary Baldwin University,72213173-C65A-E911-8106-000C29A8E632,Psychology/Education,8253
Mary Baldwin University,72213173-C65A-E911-8106-000C29A8E632,Education/Psychology,8471
Mary Baldwin University,72213173-C65A-E911-8106-000C29A8E632,Psychology/Graduate Education,8545
Mary Baldwin University,72213173-C65A-E911-8106-000C29A8E632,Registered Course,9944
Mary Baldwin University,72213173-C65A-E911-8106-000C29A8E632,,11940
Masaryk University,C4EC6FED-C65A-E911-8106-000C29A8E632,Faculty of Education,8465
Masaryk University,C4EC6FED-C65A-E911-8106-000C29A8E632,Registered Course,9945
Massachusetts College of Liberal Arts,B0941639-C75A-E911-8106-000C29A8E632,Psychology,8483
Massachusetts College of Liberal Arts,B0941639-C75A-E911-8106-000C29A8E632,Registered Course,9946
McNeese State University,6FCFEF59-6200-E411-BEB5-00505683000D,Psychology,8360
McNeese State University,6FCFEF59-6200-E411-BEB5-00505683000D,Registered Course,9947
Mercy College,B4DECC20-C85A-E911-8106-000C29A8E632,Special Education,8516
Mercy College,B4DECC20-C85A-E911-8106-000C29A8E632,Registered Course,9948
Mercyhurst University,8C80807B-C85A-E911-8106-000C29A8E632,Special Education,8344
Mercyhurst University,8C80807B-C85A-E911-8106-000C29A8E632,Registered Course,9949
Michigan School of Professional Psychology,5F80ED4F-C95A-E911-8106-000C29A8E632,Psychology,8333
Michigan School of Professional Psychology,5F80ED4F-C95A-E911-8106-000C29A8E632,Registered Course,9950
Michigan State University,87FB3B4A-CDC6-E511-87AE-0050569C00A7,Education,8649
Michigan State University,87FB3B4A-CDC6-E511-87AE-0050569C00A7,"Counseling, Educational Psychology, and Special Education",8510
Michigan State University,87FB3B4A-CDC6-E511-87AE-0050569C00A7,Registered Course,9951
Middle Tennessee State University,,Registered Course,9952
Middle Tennessee State University,,,11941
Midland University,3E0639FC-C95A-E911-8106-000C29A8E632,Psychology,8273
Midland University,3E0639FC-C95A-E911-8106-000C29A8E632,Registered Course,9953
Minot State University,,Registered Course,9954
Minot State University,,,11942
Mississippi State University,B3FA4358-CA5A-E911-8106-000C29A8E632,"Counseling, Educational Psychology, and Foundations",8505
Mississippi State University,B3FA4358-CA5A-E911-8106-000C29A8E632,Registered Course,9955
Mississippi State University,B3FA4358-CA5A-E911-8106-000C29A8E632,,11943
Missouri State University,14E6A898-CB5A-E911-8106-000C29A8E632,Psychology,8552
Missouri State University,14E6A898-CB5A-E911-8106-000C29A8E632,Registered Course,9956
Missouri State University,14E6A898-CB5A-E911-8106-000C29A8E632,,11944
Mohawk College,88889CD6-CB5A-E911-8106-000C29A8E632,Social Science,8468
Mohawk College,88889CD6-CB5A-E911-8106-000C29A8E632,Registered Course,9957
Mohawk College,88889CD6-CB5A-E911-8106-000C29A8E632,Health Studies,10407
Monash University,ACCFEF59-6200-E411-BEB5-00505683000D,Education,8553
Monash University,ACCFEF59-6200-E411-BEB5-00505683000D,Registered Course,9958
Monmouth University,3620AB40-CF5A-E911-8106-000C29A8E632,"Educational Leadership, Special Education, and School Counseling",8285
Monmouth University,3620AB40-CF5A-E911-8106-000C29A8E632,Registered Course,9959
Montana State University Billings,6998D86B-6200-E411-BEB5-00505683000D,Education,8414
Montana State University Billings,6998D86B-6200-E411-BEB5-00505683000D,Registered Course,9960
Moscow Centre of Pedagogy and Psychology,5E54C586-D05A-E911-8106-000C29A8E632,Pedagogy,8518
Moscow Centre of Pedagogy and Psychology,5E54C586-D05A-E911-8106-000C29A8E632,Registered Course,9961
Moscow Institute of Psychoanalysis,6228413D-D15A-E911-8106-000C29A8E632,Department of Applied Behavior Analysis,8225
Moscow Institute of Psychoanalysis,6228413D-D15A-E911-8106-000C29A8E632,Registered Course,9962
Moscow Psychological and Social University,49779176-D15A-E911-8106-000C29A8E632,Psychology,8548
Moscow Psychological and Social University,49779176-D15A-E911-8106-000C29A8E632,Registered Course,9963
Multicultural Alliance of Behavior Analysts,EEB5EC60-5D68-E911-8106-000C29A8E632,MultiABA,8513
Multicultural Alliance of Behavior Analysts,EEB5EC60-5D68-E911-8106-000C29A8E632,Registered Course,9964
Murray State University,F098F720-AC99-E911-810E-000C29A8E632,Special Education,8634
Murray State University,F098F720-AC99-E911-810E-000C29A8E632,Registered Course,9965
Nanjing Technical College of Special Education,DF547126-4793-E311-9F1A-00155D445B26,Registered Course,9966
National Changhua University of Education,79DA6E32-D55A-E911-8106-000C29A8E632,College of Extension Education,8406
National Changhua University of Education,79DA6E32-D55A-E911-8106-000C29A8E632,Education,8503
National Changhua University of Education,79DA6E32-D55A-E911-8106-000C29A8E632,Registered Course,9967
National Louis University,268D7697-D55A-E911-8106-000C29A8E632,Behavior Analysis,8239
National Louis University,268D7697-D55A-E911-8106-000C29A8E632,Registered Course,9968
National Pingtung University,5BCE2592-D65A-E911-8106-000C29A8E632,Special Education,8581
National Pingtung University,5BCE2592-D65A-E911-8106-000C29A8E632,Registered Course,9969
National University,D3CFEF59-6200-E411-BEB5-00505683000D,School of Education: Dept. of Counseling & School of Psychology,8529
National University,D3CFEF59-6200-E411-BEB5-00505683000D,Registered Course,9970
National University,D3CFEF59-6200-E411-BEB5-00505683000D,Educational Administration/School Counseling/Psychology,10507
National University of Ireland Galway,4E79E6AD-C2B2-E411-BF61-0050569C00A7,School of Psychology,8248
National University of Ireland Galway,4E79E6AD-C2B2-E411-BF61-0050569C00A7,Registered Course,9971
National University of Ireland Galway,4E79E6AD-C2B2-E411-BF61-0050569C00A7,Psychology,10308
New Mexico State University,,Registered Course,9972
New Mexico State University,,,11945
Niagara College,191A99FC-D65A-E911-8106-000C29A8E632,Community Services,8334
Niagara College,191A99FC-D65A-E911-8106-000C29A8E632,Registered Course,9973
Nicholls State University,2E41EF8C-D75A-E911-8106-000C29A8E632,Teacher Education,8577
Nicholls State University,2E41EF8C-D75A-E911-8106-000C29A8E632,Registered Course,9974
Nicholls State University,2E41EF8C-D75A-E911-8106-000C29A8E632,Education,10607
Northeastern University,8B659312-AB99-E911-810E-000C29A8E632,Psychology,8295
Northeastern University,8B659312-AB99-E911-810E-000C29A8E632,Department of Psychology-College of Science,8296
Northeastern University,8B659312-AB99-E911-810E-000C29A8E632,Registered Course,9975
Northern Arizona University,13D0EF59-6200-E411-BEB5-00505683000D,"Educational Specialties, College of Education",8457
Northern Arizona University,13D0EF59-6200-E411-BEB5-00505683000D,Registered Course,9976
Northern Illinois University,46A77ECA-D75A-E911-8106-000C29A8E632,UnNamedDepartment,8279
Northern Illinois University,46A77ECA-D75A-E911-8106-000C29A8E632,Special Education,8243
Northern Illinois University,46A77ECA-D75A-E911-8106-000C29A8E632,Registered Course,9977
Northern Kentucky University,83294B19-D85A-E911-8106-000C29A8E632,Teacher Education,8349
Northern Kentucky University,83294B19-D85A-E911-8106-000C29A8E632,Registered Course,9978
Northern Kentucky University,83294B19-D85A-E911-8106-000C29A8E632,Education,11108
Northern Michigan University,12D0EF59-6200-E411-BEB5-00505683000D,Department of Psychological Science,8628
Northern Michigan University,12D0EF59-6200-E411-BEB5-00505683000D,Psychology,8652
Northern Michigan University,12D0EF59-6200-E411-BEB5-00505683000D,Registered Course,9979
Northern Vermont University-Johnson,D08B219D-D85A-E911-8106-000C29A8E632,Education,8554
Northern Vermont University-Johnson,D08B219D-D85A-E911-8106-000C29A8E632,Registered Course,9980
Nova Southeastern University,1ED0EF59-6200-E411-BEB5-00505683000D,Mailman Segal Center for Human Development/College of Psychology,8443
Nova Southeastern University,1ED0EF59-6200-E411-BEB5-00505683000D,Mailman Segal Center for Human Development/Abraham S. Fischler College of Education,8433
Nova Southeastern University,1ED0EF59-6200-E411-BEB5-00505683000D,Mailman Segal Center for Human Development/Abraham S. Fischler College of Education and School of Criminal Justice,8648
Nova Southeastern University,1ED0EF59-6200-E411-BEB5-00505683000D,Psychology,8525
Nova Southeastern University,1ED0EF59-6200-E411-BEB5-00505683000D,Registered Course,9981
Nova Southeastern University,1ED0EF59-6200-E411-BEB5-00505683000D,,11946
Oakland University,283FFA7C-6058-E811-80FE-000C29A8E632,Human Development and Child Studies,8625
Oakland University,283FFA7C-6058-E811-80FE-000C29A8E632,Registered Course,9982
Ohio State University,7DDA5A2E-CEB2-E411-BF61-0050569C00A7,Special Education,8561
Ohio State University,7DDA5A2E-CEB2-E411-BF61-0050569C00A7,Registered Course,9983
Oklahoma State University,4B7261FB-D85A-E911-8106-000C29A8E632,School of Applied Health and Educational Psychology,8527
Oklahoma State University,4B7261FB-D85A-E911-8106-000C29A8E632,Registered Course,9984
Oklahoma State University,4B7261FB-D85A-E911-8106-000C29A8E632,Psychology,11008
Oklahoma State University,4B7261FB-D85A-E911-8106-000C29A8E632,,11947
Old Dominion University,9EBF8E76-D95A-E911-8106-000C29A8E632,Education,8632
Old Dominion University,9EBF8E76-D95A-E911-8106-000C29A8E632,Special Education,8565
Old Dominion University,9EBF8E76-D95A-E911-8106-000C29A8E632,Registered Course,9985
Oranim Academic College of Education,00C9E437-DB5A-E911-8106-000C29A8E632,Further Education,8353
Oranim Academic College of Education,00C9E437-DB5A-E911-8106-000C29A8E632,Registered Course,9986
Oregon Institute of Technology,1976118D-DD5A-E911-8106-000C29A8E632,Humanities and Social Sciences,8499
Oregon Institute of Technology,1976118D-DD5A-E911-8106-000C29A8E632,Registered Course,9987
Oregon Institute of Technology,1976118D-DD5A-E911-8106-000C29A8E632,,11948
Oslo and Akershus University College of Applied Sciences,48566EA5-E15A-E911-8106-000C29A8E632,Department of behavioral science,8358
Oslo and Akershus University College of Applied Sciences,48566EA5-E15A-E911-8106-000C29A8E632,Registered Course,9988
Ottawa University,,Registered Course,9990
Ottawa University,,,11949
Our Sunny World,14138C04-E25A-E911-8106-000C29A8E632,Applied behavior Analysis,8301
Our Sunny World,14138C04-E25A-E911-8106-000C29A8E632,Registered Course,9991
Pennsylvania State University,4F7383A1-F5B1-E811-8102-000C29A8E632,Education,8251
Pennsylvania State University,4F7383A1-F5B1-E811-8102-000C29A8E632,Registered Course,9992
Pennsylvania State University,4F7383A1-F5B1-E811-8102-000C29A8E632,Special Education,11607
Pennsylvania State University Harrisburg,F366BEE7-E25A-E911-8106-000C29A8E632,Psychology,8337
Pennsylvania State University Harrisburg,F366BEE7-E25A-E911-8106-000C29A8E632,Registered Course,9993
Pepperdine University,FC416783-E65A-E911-8106-000C29A8E632,Psychology,8429
Pepperdine University,FC416783-E65A-E911-8106-000C29A8E632,Registered Course,9994
Philadelphia College of Osteopathic Medicine,88A83A8F-0F5B-E511-A86B-0050569C00A7,Psychology,8325
Philadelphia College of Osteopathic Medicine,88A83A8F-0F5B-E511-A86B-0050569C00A7,Registered Course,9995
Philadelphia College of Osteopathic Medicine,88A83A8F-0F5B-E511-A86B-0050569C00A7,,11950
Pittsburg State University,BE098F37-E75A-E911-8106-000C29A8E632,Psychology and Counseling,8287
Pittsburg State University,BE098F37-E75A-E911-8106-000C29A8E632,Registered Course,9996
Portland State University,FA7E53CA-E75A-E911-8106-000C29A8E632,Special Education,8268
Portland State University,FA7E53CA-E75A-E911-8106-000C29A8E632,Registered Course,9997
Purdue University,DFF2697D-CBB2-E411-BF61-0050569C00A7,Education,8277
Purdue University,DFF2697D-CBB2-E411-BF61-0050569C00A7,Registered Course,9998
Purdue University Global,2634896C-6029-E911-8106-000C29A8E632,Psychology,8212
Purdue University Global,2634896C-6029-E911-8106-000C29A8E632,Registered Course,9999
Pusan National University,64A7BD9E-EC5A-E911-8106-000C29A8E632,Special Education,8603
Pusan National University,64A7BD9E-EC5A-E911-8106-000C29A8E632,Registered Course,10000
Qingdao University,EB1278D2-ED5A-E911-8106-000C29A8E632,Psychology,8485
Qingdao University,EB1278D2-ED5A-E911-8106-000C29A8E632,Registered Course,10001
Queen's University Belfast,EBC1CA74-EF5A-E911-8106-000C29A8E632,Education,8351
Queen's University Belfast,EBC1CA74-EF5A-E911-8106-000C29A8E632,Registered Course,10003
Queens College,767EF840-EE5A-E911-8106-000C29A8E632,Psychology,8477
Queens College,767EF840-EE5A-E911-8106-000C29A8E632,Special Education,8348
Queens College,767EF840-EE5A-E911-8106-000C29A8E632,Registered Course,10002
Regis College,2FC0736E-F05A-E911-8106-000C29A8E632,Psychology,8408
Regis College,2FC0736E-F05A-E911-8106-000C29A8E632,Applied Behavior Analysis,8405
Regis College,2FC0736E-F05A-E911-8106-000C29A8E632,Behavior Analysis,8539
Regis College,2FC0736E-F05A-E911-8106-000C29A8E632,Registered Course,10004
ReykjavÃ­k University,FEAF17E3-F15A-E911-8106-000C29A8E632,Psychology,9006
ReykjavÃ­k University,FEAF17E3-F15A-E911-8106-000C29A8E632,UnNamedDepartment,9007
Reykjavík University,FEAF17E3-F15A-E911-8106-000C29A8E632,Psychology,8906
Reykjavík University,FEAF17E3-F15A-E911-8106-000C29A8E632,UnNamedDepartment,8907
Reykjavík University,FEAF17E3-F15A-E911-8106-000C29A8E632,Registered Course,10005
Rider University,DCA9EF99-FD5A-E911-8106-000C29A8E632,Psychology,8258
Rider University,DCA9EF99-FD5A-E911-8106-000C29A8E632,Registered Course,10006
Rollins College,D111E85F-6200-E411-BEB5-00505683000D,Health Professions,8573
Rollins College,D111E85F-6200-E411-BEB5-00505683000D,Registered Course,10007
Rowan University,218B2A6C-61B1-E411-B490-0050569C00A7,Psychology,8335
Rowan University,218B2A6C-61B1-E411-B490-0050569C00A7,Registered Course,10008
Rutgers University,D211E85F-6200-E411-BEB5-00505683000D,Psychology,8528
Rutgers University,D211E85F-6200-E411-BEB5-00505683000D,Registered Course,10009
Sage Colleges,21269466-FA68-E411-B490-0050569C00A7,Education,8460
Sage Colleges,21269466-FA68-E411-B490-0050569C00A7,Registered Course,10010
Saint Cloud State University,966FDE2A-FE5A-E911-8106-000C29A8E632,"Community Psychology, Counseling, and Family Therapy",8602
Saint Cloud State University,966FDE2A-FE5A-E911-8106-000C29A8E632,Registered Course,10011
Saint Joseph's University,366F3967-D44F-E411-B490-0050569C00A7,Interdisciplinary Health Services,8222
Saint Joseph's University,366F3967-D44F-E411-B490-0050569C00A7,Interdisciplinary Health Services Autism Behavioral Studies Major,8284
Saint Joseph's University,366F3967-D44F-E411-B490-0050569C00A7,Special Education,8644
Saint Joseph's University,366F3967-D44F-E411-B490-0050569C00A7,Criminal Justice and Public Safety Institute,8512
Saint Joseph's University,366F3967-D44F-E411-B490-0050569C00A7,Registered Course,10012
Saint Joseph's University,366F3967-D44F-E411-B490-0050569C00A7,,11951
Saint Lawrence College,B9332234-015B-E911-8106-000C29A8E632,Behavioural Psychology,8559
Saint Lawrence College,B9332234-015B-E911-8106-000C29A8E632,Registered Course,10013
Saint Lawrence College,B9332234-015B-E911-8106-000C29A8E632,,11952
Saint Louis University,F14763AB-F668-E411-B490-0050569C00A7,UnNamedDepartment,8588
Saint Louis University,F14763AB-F668-E411-B490-0050569C00A7,School of Social Work,8593
Saint Louis University,F14763AB-F668-E411-B490-0050569C00A7,Registered Course,10014
Salem State University,1F2C994D-E6B3-E511-990B-0050569C00C5,Psychology,8362
Salem State University,1F2C994D-E6B3-E511-990B-0050569C00C5,Registered Course,10015
Salem State University,1F2C994D-E6B3-E511-990B-0050569C00C5,,11953
Salve Regina University,B8E89CE3-015B-E911-8106-000C29A8E632,Psychology,8340
Salve Regina University,B8E89CE3-015B-E911-8106-000C29A8E632,Registered Course,10016
Sam Houston State University,474BD830-F1B1-E411-B490-0050569C00A7,Education,8654
Sam Houston State University,474BD830-F1B1-E411-B490-0050569C00A7,"Language, Literacy, and Special Populations",8538
Sam Houston State University,474BD830-F1B1-E411-B490-0050569C00A7,Registered Course,10017
San Diego State University,EA11E85F-6200-E411-BEB5-00505683000D,Special Education,8474
San Diego State University,EA11E85F-6200-E411-BEB5-00505683000D,Counseling and School Psychology,8533
San Diego State University,EA11E85F-6200-E411-BEB5-00505683000D,Registered Course,10018
San Diego State University,EA11E85F-6200-E411-BEB5-00505683000D,Education,11307
Savannah State University,FB3F3E4D-025B-E911-8106-000C29A8E632,Social and Behavioral Sciences,8249
Savannah State University,FB3F3E4D-025B-E911-8106-000C29A8E632,Registered Course,10019
Savannah State University,,Savannah State University,10205
Savannah State University,,,10206
SEA ABA,6ED571D1-025B-E911-8106-000C29A8E632,BCaBA coursework,8240
SEA ABA,6ED571D1-025B-E911-8106-000C29A8E632,Registered Course,10020
SEEK Applied Behavior Analysis Association-Taiwan,7C77E117-035B-E911-8106-000C29A8E632,Behavior Analysis,8500
SEEK Applied Behavior Analysis Association-Taiwan,7C77E117-035B-E911-8106-000C29A8E632,Registered Course,10021
Seton Hall University,F464EBB7-035B-E911-8106-000C29A8E632,Education,8411
Seton Hall University,F464EBB7-035B-E911-8106-000C29A8E632,Registered Course,10022
Shenandoah University,7A23E613-C787-E511-A86B-0050569C00A7,Psychology,8599
Shenandoah University,7A23E613-C787-E511-A86B-0050569C00A7,Registered Course,10023
Shippensburg University,4012E85F-6200-E411-BEB5-00505683000D,Psychology,8444
Shippensburg University,4012E85F-6200-E411-BEB5-00505683000D,Behavior Analysis,8908
Shippensburg University,4012E85F-6200-E411-BEB5-00505683000D,Registered Course,10024
Simmons University,E97BCFD9-FD86-E411-B490-0050569C00A7,Behavior Analysis,8291
Simmons University,E97BCFD9-FD86-E411-B490-0050569C00A7,Department of Behavior Analysis,8314
Simmons University,E97BCFD9-FD86-E411-B490-0050569C00A7,Registered Course,10025
Slippery Rock University of Pennsylvania,E2D9020E-045B-E911-8106-000C29A8E632,Special Education,8618
Slippery Rock University of Pennsylvania,E2D9020E-045B-E911-8106-000C29A8E632,Registered Course,10026
Southeast Missouri State University,94468686-045B-E911-8106-000C29A8E632,Psychology,8600
Southeast Missouri State University,94468686-045B-E911-8106-000C29A8E632,Registered Course,10027
Southern Connecticut State University,98D20C39-055B-E911-8106-000C29A8E632,Special Education and Reading,8482
Southern Connecticut State University,98D20C39-055B-E911-8106-000C29A8E632,Registered Course,10028
Southern Connecticut State University,98D20C39-055B-E911-8106-000C29A8E632,Special Education,10608
Southern Illinois University,9F45FDBA-5681-E411-B490-0050569C00A7,Behavior Analysis,8201
Southern Illinois University,9F45FDBA-5681-E411-B490-0050569C00A7,Behavior Analysis and Therapy,8365
Southern Illinois University,9F45FDBA-5681-E411-B490-0050569C00A7,Registered Course,10029
Southern Illinois University,9F45FDBA-5681-E411-B490-0050569C00A7,Psychology,11608
Southern Illinois University,9F45FDBA-5681-E411-B490-0050569C00A7,,11954
St. John's University,12FCED78-055B-E911-8106-000C29A8E632,School Psychology,8246
St. John's University,12FCED78-055B-E911-8106-000C29A8E632,Registered Course,10030
St. Joseph's College,C46D98E8-055B-E911-8106-000C29A8E632,Department of Child Study,8427
St. Joseph's College,C46D98E8-055B-E911-8106-000C29A8E632,Registered Course,10031
St. Thomas University,,Registered Course,10032
St. Thomas University,,,11955
State University of New York College at New Paltz,B117813D-065B-E911-8106-000C29A8E632,Department of Teaching and Learning,8639
State University of New York College at New Paltz,B117813D-065B-E911-8106-000C29A8E632,Registered Course,10033
State University of New York College at New Paltz,B117813D-065B-E911-8106-000C29A8E632,Education,11610
Stephen F. Austin State University,,Registered Course,10034
Stephen F. Austin State University,,,11956
Stockholm University,8A57CC79-065B-E911-8106-000C29A8E632,UnNamedDepartment,8801
Stockholm University,8A57CC79-065B-E911-8106-000C29A8E632,Department of Special Education,8480
Stockholm University,8A57CC79-065B-E911-8106-000C29A8E632,Stockholm University,8410
Stockholm University,8A57CC79-065B-E911-8106-000C29A8E632,Registered Course,10035
SWPS University of Social Sciences and Humanities,0DE5001D-075B-E911-8106-000C29A8E632,Psychology,8417
SWPS University of Social Sciences and Humanities,0DE5001D-075B-E911-8106-000C29A8E632,Registered Course,10036
Taiwan Association for Behavior Analysis,9957E065-6200-E411-BEB5-00505683000D,TABA,8584
Taiwan Association for Behavior Analysis,9957E065-6200-E411-BEB5-00505683000D,Registered Course,10037
Tel Aviv University,3EDDDCA2-075B-E911-8106-000C29A8E632,School of Education,8419
Tel Aviv University,3EDDDCA2-075B-E911-8106-000C29A8E632,Registered Course,10038
Tel Aviv University,3EDDDCA2-075B-E911-8106-000C29A8E632,,11957
Temple University,2813E85F-6200-E411-BEB5-00505683000D,Education,8226
Temple University,2813E85F-6200-E411-BEB5-00505683000D,Registered Course,10039
Temple University,2813E85F-6200-E411-BEB5-00505683000D,,11958
Tennessee Technological University,2C13E85F-6200-E411-BEB5-00505683000D,Curriculum and Instruction,8304
Tennessee Technological University,2C13E85F-6200-E411-BEB5-00505683000D,Registered Course,10040
Texas A&M University,6DF2C8C5-46B1-E411-B490-0050569C00A7,Educational Psychology,8629
Texas A&M University,6DF2C8C5-46B1-E411-B490-0050569C00A7,Registered Course,10041
Texas Southern University,,Registered Course,10042
Texas Southern University,,,11959
Texas State University,0C535101-085B-E911-8106-000C29A8E632,Curriculum and Instruction,8297
Texas State University,0C535101-085B-E911-8106-000C29A8E632,Registered Course,10043
Texas State University,0C535101-085B-E911-8106-000C29A8E632,,11960
Texas Tech University,4A87C3A8-C33C-E711-B5CE-0050569C00A7,Educational Psychology & Leadership,8294
Texas Tech University,4A87C3A8-C33C-E711-B5CE-0050569C00A7,Burkhart Center for Autism Education and Research,8543
Texas Tech University,4A87C3A8-C33C-E711-B5CE-0050569C00A7,Registered Course,10044
Texas Tech University,4A87C3A8-C33C-E711-B5CE-0050569C00A7,Special Education,11508
Texas Tech University,4A87C3A8-C33C-E711-B5CE-0050569C00A7,,11961
The Citadel,,Registered Course,10045
The Citadel,,,11962
The College of Saint Elizabeth,,Registered Course,10046
The College of Saint Elizabeth,,,11963
The University of Louisiana Monroe,,Registered Course,10047
The University of Louisiana Monroe,,,11964
Touro College,E1D61CE7-085B-E911-8106-000C29A8E632,Behavior Analysis,8275
Touro College,E1D61CE7-085B-E911-8106-000C29A8E632,Psychology,8651
Touro College,E1D61CE7-085B-E911-8106-000C29A8E632,Registered Course,10048
Touro University California,CB506019-095B-E911-8106-000C29A8E632,Special Education,8430
Touro University California,CB506019-095B-E911-8106-000C29A8E632,Education,8646
Touro University California,CB506019-095B-E911-8106-000C29A8E632,Registered Course,10049
Towson University,,Registered Course,10050
Towson University,,,11965
Trinity Christian College,EBBEF54E-895B-E911-8106-000C29A8E632,Special Education,8332
Trinity Christian College,EBBEF54E-895B-E911-8106-000C29A8E632,Registered Course,10051
Troy University,3DAAEF10-8A5B-E911-8106-000C29A8E632,Psychology,8542
Troy University,3DAAEF10-8A5B-E911-8106-000C29A8E632,Registered Course,10052
Universidad AutÃ³noma de Chile,56C4ADF5-8A5B-E911-8106-000C29A8E632,Social Sciences,9005
Universidad Autónoma de Chile,56C4ADF5-8A5B-E911-8106-000C29A8E632,Social Sciences,8905
Universidad Autónoma de Chile,56C4ADF5-8A5B-E911-8106-000C29A8E632,Registered Course,10053
Universidad Compultense De Madrid,7A79D63D-8B5B-E911-8106-000C29A8E632,Facultad de Educacion - Abascool,8310
Universidad Compultense De Madrid,7A79D63D-8B5B-E911-8106-000C29A8E632,Registered Course,10054
Universidad del Istmo de Guatemala,A9FF3A63-8B5B-E911-8106-000C29A8E632,Education,8454
Universidad del Istmo de Guatemala,A9FF3A63-8B5B-E911-8106-000C29A8E632,Registered Course,10055
Universidad Iberoamericana,21B8E3EC-8B5B-E911-8106-000C29A8E632,Education,8229
Universidad Iberoamericana,21B8E3EC-8B5B-E911-8106-000C29A8E632,Registered Course,10056
Universidade de São Paulo,B613E85F-6200-E411-BEB5-00505683000D,Registered Course,10057
Universidade de São Paulo,B613E85F-6200-E411-BEB5-00505683000D,Behavior Analysis,11209
Universidade de SÃ£o Paulo,B613E85F-6200-E411-BEB5-00505683000D,Behavior Analysis,9008
Universidade Estadual de Londrina,500E2E22-8C5B-E911-8106-000C29A8E632,Department of General Psychology and Behavior Analysis,8526
Universidade Estadual de Londrina,500E2E22-8C5B-E911-8106-000C29A8E632,Registered Course,10058
Universidade Estadual de Londrina,500E2E22-8C5B-E911-8106-000C29A8E632,Behavior Analysis,11507
Universidade Federal do Pará,,Registered Course,10059
Universidade Federal do Pará,,,11966
University of Alaska Anchorage,E70337A3-8C5B-E911-8106-000C29A8E632,Psychology,8481
University of Alaska Anchorage,E70337A3-8C5B-E911-8106-000C29A8E632,Registered Course,10061
University of Arizona,3A28208C-D72A-E911-8106-000C29A8E632,Curriculum and Instruction,8637
University of Arizona,3A28208C-D72A-E911-8106-000C29A8E632,Disability and Psychoeducational Studies,8643
University of Arizona,3A28208C-D72A-E911-8106-000C29A8E632,Registered Course,10062
University of Arizona,3A28208C-D72A-E911-8106-000C29A8E632,Special Education,11707
University of Arkansas,11595CC4-8C5B-E911-8106-000C29A8E632,Special Education,8290
University of Arkansas,11595CC4-8C5B-E911-8106-000C29A8E632,Registered Course,10063
University of Auckland,CE13E85F-6200-E411-BEB5-00505683000D,Education,8633
University of Auckland,CE13E85F-6200-E411-BEB5-00505683000D,Psychology,8549
University of Auckland,CE13E85F-6200-E411-BEB5-00505683000D,Registered Course,10064
University of British Columbia,4C2F0D18-A766-E911-8106-000C29A8E632,Education,8227
University of British Columbia,4C2F0D18-A766-E911-8106-000C29A8E632,Registered Course,10065
University of California Los Angeles,,Registered Course,10066
University of California Los Angeles,,,11968
University of California Riverside,BD07D170-8E5B-E911-8106-000C29A8E632,Graduate School of Education,8448
University of California Riverside,BD07D170-8E5B-E911-8106-000C29A8E632,Registered Course,10067
University of California Santa Barbara,5376E64C-905B-E911-8106-000C29A8E632,UC Santa Barbara Extension,8322
University of California Santa Barbara,5376E64C-905B-E911-8106-000C29A8E632,Education,8653
University of California Santa Barbara,5376E64C-905B-E911-8106-000C29A8E632,Registered Course,10068
University of Central Florida,DD178E87-905B-E911-8106-000C29A8E632,School of Teacher Education,8278
University of Central Florida,DD178E87-905B-E911-8106-000C29A8E632,Registered Course,10069
University of Central Florida,DD178E87-905B-E911-8106-000C29A8E632,,11969
University of Central Missouri,ACA4F57D-0784-E511-A86B-0050569C00A7,Psychology,8413
University of Central Missouri,ACA4F57D-0784-E511-A86B-0050569C00A7,Psychological Science,8260
University of Central Missouri,ACA4F57D-0784-E511-A86B-0050569C00A7,Registered Course,10070
University of Central Oklahoma,0F299124-915B-E911-8106-000C29A8E632,Psychology,8364
University of Central Oklahoma,0F299124-915B-E911-8106-000C29A8E632,Registered Course,10071
University of Cincinnati,CC4FA898-9EB0-E411-B490-0050569C00A7,Education,8494
University of Cincinnati,CC4FA898-9EB0-E411-B490-0050569C00A7,Registered Course,10072
University of Colorado Denver,933CCB8E-915B-E911-8106-000C29A8E632,Continuing and Professional Education,8640
University of Colorado Denver,933CCB8E-915B-E911-8106-000C29A8E632,Special Education,8621
University of Colorado Denver,933CCB8E-915B-E911-8106-000C29A8E632,Registered Course,10073
University of Colorado Denver,933CCB8E-915B-E911-8106-000C29A8E632,,11970
University of Connecticut,,Registered Course,10074
University of Connecticut,,,11971
University of Dayton,EABE1A2A-95FF-E711-858C-0050569C00A7,Psychology,8635
University of Dayton,EABE1A2A-95FF-E711-858C-0050569C00A7,Registered Course,10075
University of Denver,,Registered Course,10076
University of Denver,,,11972
University of Dublin Trinity College,114F02EF-915B-E911-8106-000C29A8E632,School of Psychology,8320
University of Dublin Trinity College,114F02EF-915B-E911-8106-000C29A8E632,Psychology,8583
University of Dublin Trinity College,114F02EF-915B-E911-8106-000C29A8E632,Registered Course,10077
University of Florida,DF13E85F-6200-E411-BEB5-00505683000D,Psychology,8286
University of Florida,DF13E85F-6200-E411-BEB5-00505683000D,Registered Course,10078
University of Gdansk,2941B958-925B-E911-8106-000C29A8E632,Psychology,8319
University of Gdansk,2941B958-925B-E911-8106-000C29A8E632,Registered Course,10079
University of Georgia,E313E85F-6200-E411-BEB5-00505683000D,Communication Sciences and Special Education,8486
University of Georgia,E313E85F-6200-E411-BEB5-00505683000D,Communication Science and Special Education,8502
University of Georgia,E313E85F-6200-E411-BEB5-00505683000D,Registered Course,10080
University of Georgia,E313E85F-6200-E411-BEB5-00505683000D,Special Education,10807
University of Hawaii Manoa,795FC571-08B2-E411-B490-0050569C00A7,Special Education,8436
University of Hawaii Manoa,795FC571-08B2-E411-B490-0050569C00A7,Registered Course,10081
University of Hawaii Manoa,795FC571-08B2-E411-B490-0050569C00A7,,11973
University of Houston Clear Lake,E5CF252B-4DA7-E611-A5C2-0050569C00A7,Clinical Health and Applied Sciences,8289
University of Houston Clear Lake,E5CF252B-4DA7-E611-A5C2-0050569C00A7,"Clinical, Health, and Applied Sciences",8605
University of Houston Clear Lake,E5CF252B-4DA7-E611-A5C2-0050569C00A7,Registered Course,10082
University of Houston Victoria,588923A5-925B-E911-8106-000C29A8E632,Education,8306
University of Houston Victoria,588923A5-925B-E911-8106-000C29A8E632,Registered Course,10083
University of Illinois,E9C11AE7-925B-E911-8106-000C29A8E632,Department of Special Education,8404
University of Illinois,E9C11AE7-925B-E911-8106-000C29A8E632,Registered Course,10084
University of Illinois at Urbana-Champaign,,Registered Course,10085
University of Illinois at Urbana-Champaign,,,11974
University of Iowa,CA721018-935B-E911-8106-000C29A8E632,Teaching and Learning,8501
University of Iowa,CA721018-935B-E911-8106-000C29A8E632,Registered Course,10086
University of Iowa,CA721018-935B-E911-8106-000C29A8E632,,11975
University of Kansas,EF13E85F-6200-E411-BEB5-00505683000D,Behavior Analysis,8204
University of Kansas,EF13E85F-6200-E411-BEB5-00505683000D,Applied Behavioral Science,8366
University of Kansas,EF13E85F-6200-E411-BEB5-00505683000D,Registered Course,10087
University of Kent,60929749-935B-E911-8106-000C29A8E632,"School of Social Policy, Sociology, and Social Research",8209
University of Kent,60929749-935B-E911-8106-000C29A8E632,"Social Policy, Sociology, and Social Research",8262
University of Kent,60929749-935B-E911-8106-000C29A8E632,Registered Course,10088
University of Kentucky,FB13E85F-6200-E411-BEB5-00505683000D,Special Education,8563
University of Kentucky,FB13E85F-6200-E411-BEB5-00505683000D,Registered Course,10089
University of Kentucky,FB13E85F-6200-E411-BEB5-00505683000D,,11976
University of Lille,C3440377-935B-E911-8106-000C29A8E632,Psychology,8515
University of Lille,C3440377-935B-E911-8106-000C29A8E632,Registered Course,10090
University of Lille,C3440377-935B-E911-8106-000C29A8E632,,11977
University of Louisville,6C38A0C5-935B-E911-8106-000C29A8E632,Special Education,8540
University of Louisville,6C38A0C5-935B-E911-8106-000C29A8E632,Registered Course,10091
University of Maine Farmington,,Registered Course,10092
University of Maine Farmington,,,11978
University of Manitoba,FC13E85F-6200-E411-BEB5-00505683000D,Psychology,8422
University of Manitoba,FC13E85F-6200-E411-BEB5-00505683000D,Registered Course,10093
University of Manitoba,FC13E85F-6200-E411-BEB5-00505683000D,,11979
University of Mary Washington,,Registered Course,10094
University of Mary Washington,,,11980
University of Maryland,,Registered Course,10095
University of Maryland,,,11981
University of Maryland Baltimore County,D5A82C5C-945B-E911-8106-000C29A8E632,Psychology,8321
University of Maryland Baltimore County,D5A82C5C-945B-E911-8106-000C29A8E632,Registered Course,10096
University of Massachusetts Boston,AB6DE37D-945B-E911-8106-000C29A8E632,"College of Advancing and Professional Studies, and Center for Social Development and Education",8316
University of Massachusetts Boston,AB6DE37D-945B-E911-8106-000C29A8E632,Psychology,8701
University of Massachusetts Boston,AB6DE37D-945B-E911-8106-000C29A8E632,Registered Course,10097
University of Massachusetts Boston,AB6DE37D-945B-E911-8106-000C29A8E632,,11982
University of Massachusetts Dartmouth,9FED46E7-945B-E911-8106-000C29A8E632,Psychology,8328
University of Massachusetts Dartmouth,9FED46E7-945B-E911-8106-000C29A8E632,Registered Course,10098
University of Massachusetts Lowell,F14FE5A8-FCB1-E411-B490-0050569C00A7,Psychology,8292
University of Massachusetts Lowell,F14FE5A8-FCB1-E411-B490-0050569C00A7,Registered Course,10099
University of Massachusetts Lowell,F14FE5A8-FCB1-E411-B490-0050569C00A7,,11983
University of Memphis,0314E85F-6200-E411-BEB5-00505683000D,Instruction and Curriculum Leadership,8462
University of Memphis,0314E85F-6200-E411-BEB5-00505683000D,Registered Course,10100
University of Miami,604A7EEE-093C-E711-B5CE-0050569C00A7,UnNamedDepartment,8357
University of Miami,604A7EEE-093C-E711-B5CE-0050569C00A7,Psychology,8208
University of Miami,604A7EEE-093C-E711-B5CE-0050569C00A7,Registered Course,10101
University of Michigan - Dearborn,9CEDCDCC-965B-E911-8106-000C29A8E632,"College of Education, Health, and Human Services, Department of Education",8270
University of Michigan - Dearborn,9CEDCDCC-965B-E911-8106-000C29A8E632,Education,8283
University of Michigan - Dearborn,9CEDCDCC-965B-E911-8106-000C29A8E632,Registered Course,10102
University of Minnesota,0514E85F-6200-E411-BEB5-00505683000D,Education,8238
University of Minnesota,0514E85F-6200-E411-BEB5-00505683000D,Registered Course,10103
University of Mississippi,,Registered Course,10104
University of Mississippi,,,11984
University of Missouri Columbia,98BEC941-975B-E911-8106-000C29A8E632,Education,8604
University of Missouri Columbia,98BEC941-975B-E911-8106-000C29A8E632,Health Psychology,8592
University of Missouri Columbia,98BEC941-975B-E911-8106-000C29A8E632,UnNamedDepartment,8804
University of Missouri Columbia,98BEC941-975B-E911-8106-000C29A8E632,Registered Course,10105
University of Missouri Columbia,98BEC941-975B-E911-8106-000C29A8E632,,11985
University of Missouri St. Louis,7825D5DA-975B-E911-8106-000C29A8E632,Educator Preparation & Leadership,8215
University of Missouri St. Louis,7825D5DA-975B-E911-8106-000C29A8E632,Registered Course,10106
University of Nebraska,3978F63D-985B-E911-8106-000C29A8E632,Psychology,8614
University of Nebraska,3978F63D-985B-E911-8106-000C29A8E632,Registered Course,10107
University of Nevada Las Vegas,13D1ED5C-985B-E911-8106-000C29A8E632,Ed and Clinical Studies,8445
University of Nevada Las Vegas,13D1ED5C-985B-E911-8106-000C29A8E632,Registered Course,10108
University of Nevada Reno,AFADA79E-C492-E511-A86B-0050569C00A7,UnNamedDepartment,8426
University of Nevada Reno,AFADA79E-C492-E511-A86B-0050569C00A7,Education,8211
University of Nevada Reno,AFADA79E-C492-E511-A86B-0050569C00A7,Psychology,8307
University of Nevada Reno,AFADA79E-C492-E511-A86B-0050569C00A7,Registered Course,10109
University of New Brunswick,1214E85F-6200-E411-BEB5-00505683000D,Psychology,8567
University of New Brunswick,1214E85F-6200-E411-BEB5-00505683000D,Registered Course,10110
University of New Mexico,1C14E85F-6200-E411-BEB5-00505683000D,Department of Special Education,8241
University of New Mexico,1C14E85F-6200-E411-BEB5-00505683000D,Registered Course,10111
University of North Alabama,A253B016-995B-E911-8106-000C29A8E632,Psychology,8572
University of North Alabama,A253B016-995B-E911-8106-000C29A8E632,Registered Course,10112
University of North Carolina Charlotte,1A44578F-AD99-E911-810E-000C29A8E632,Special Education,8598
University of North Carolina Charlotte,1A44578F-AD99-E911-810E-000C29A8E632,Registered Course,10113
University of North Carolina Charlotte,1A44578F-AD99-E911-810E-000C29A8E632,,11986
University of North Carolina Wilmington,BC3BB648-FAB1-E411-B490-0050569C00A7,Psychology,8521
University of North Carolina Wilmington,BC3BB648-FAB1-E411-B490-0050569C00A7,Registered Course,10114
University of North Dakota,2014E85F-6200-E411-BEB5-00505683000D,Teaching and Learning,8551
University of North Dakota,2014E85F-6200-E411-BEB5-00505683000D,Registered Course,10115
University of North Dakota,2014E85F-6200-E411-BEB5-00505683000D,Education,10408
University of North Florida,1E14E85F-6200-E411-BEB5-00505683000D,Education,8636
University of North Florida,1E14E85F-6200-E411-BEB5-00505683000D,Special Education,8638
University of North Florida,1E14E85F-6200-E411-BEB5-00505683000D,Registered Course,10116
University of North Florida,1E14E85F-6200-E411-BEB5-00505683000D,,11987
University of North Texas,B6D8BF32-995B-E911-8106-000C29A8E632,Behavior Analysis,8205
University of North Texas,B6D8BF32-995B-E911-8106-000C29A8E632,Registered Course,10117
University of Northern Colorado,13564091-8B26-E711-B720-0050569C00A7,Special Education/School Psychology,8627
University of Northern Colorado,13564091-8B26-E711-B720-0050569C00A7,Registered Course,10118
University of Oklahoma,4158E065-6200-E411-BEB5-00505683000D,Special Education,8645
University of Oklahoma,4158E065-6200-E411-BEB5-00505683000D,Educational Psychology,8585
University of Oklahoma,4158E065-6200-E411-BEB5-00505683000D,Registered Course,10119
University of Oregon,FE54E065-6200-E411-BEB5-00505683000D,School Psychology,8264
University of Oregon,FE54E065-6200-E411-BEB5-00505683000D,Registered Course,10120
University of Parma,432F15B1-995B-E911-8106-000C29A8E632,"Dipartimento di Discipline Umanistiche, Sociali e delle Imprese Culturali",8367
University of Parma,432F15B1-995B-E911-8106-000C29A8E632,"Lettere Arti Storia e Società, Parma University",8350
University of Parma,432F15B1-995B-E911-8106-000C29A8E632,Registered Course,10121
University of Pittsburgh,0E03BA97-9B5B-E911-8106-000C29A8E632,"Instruction and Learning, Special Education",8556
University of Pittsburgh,0E03BA97-9B5B-E911-8106-000C29A8E632,Education,8650
University of Pittsburgh,0E03BA97-9B5B-E911-8106-000C29A8E632,Registered Course,10122
University of Pittsburgh Greensburg,A4DDD97C-9C5B-E911-8106-000C29A8E632,Psychology,8244
University of Pittsburgh Greensburg,A4DDD97C-9C5B-E911-8106-000C29A8E632,Registered Course,10123
University of Rochester,FF54E065-6200-E411-BEB5-00505683000D,Education,8412
University of Rochester,FF54E065-6200-E411-BEB5-00505683000D,Registered Course,10124
University of Saint Joseph,F7BC40C8-5AB1-E411-B490-0050569C00A7,Couseling and Applied Behavioral Studies,8642
University of Saint Joseph,F7BC40C8-5AB1-E411-B490-0050569C00A7,Counseling and Applied Behavioral Studies,8356
University of Saint Joseph,F7BC40C8-5AB1-E411-B490-0050569C00A7,UnNamedDepartment,8579
University of Saint Joseph,F7BC40C8-5AB1-E411-B490-0050569C00A7,Registered Course,10125
University of Saint Joseph,F7BC40C8-5AB1-E411-B490-0050569C00A7,,11988
University of Salerno,F6B3ACB4-9C5B-E911-8106-000C29A8E632,Faculty of Medicine,8347
University of Salerno,F6B3ACB4-9C5B-E911-8106-000C29A8E632,UnNamedDepartment,8313
University of Salerno,F6B3ACB4-9C5B-E911-8106-000C29A8E632,Registered Course,10126
University of Scranton,3E988772-A766-E911-8106-000C29A8E632,Counseling and Human Services,8219
University of Scranton,3E988772-A766-E911-8106-000C29A8E632,Registered Course,10127
University of South Alabama,,Registered Course,10128
University of South Alabama,,,11989
University of South Carolina,0255E065-6200-E411-BEB5-00505683000D,Special Education,8261
University of South Carolina,0255E065-6200-E411-BEB5-00505683000D,Registered Course,10129
University of South Florida,D851AD65-81E7-E811-8105-000C29A8E632,UnNamedDepartment,8234
University of South Florida,D851AD65-81E7-E811-8105-000C29A8E632,Child & Family Studies,8221
University of South Florida,D851AD65-81E7-E811-8105-000C29A8E632,Registered Course,10130
University of South Florida,D851AD65-81E7-E811-8105-000C29A8E632,Education,11611
University of South Florida,D851AD65-81E7-E811-8105-000C29A8E632,,11990
University of South Wales,1FA85007-F6B1-E411-B490-0050569C00A7,Psychology,8312
University of South Wales,1FA85007-F6B1-E411-B490-0050569C00A7,Registered Course,10131
University of Southern California,7DDC8518-B12E-E711-AD45-0050569C00A7,Psychology,8308
University of Southern California,7DDC8518-B12E-E711-AD45-0050569C00A7,Registered Course,10132
University of Southern California,7DDC8518-B12E-E711-AD45-0050569C00A7,,11991
University of Southern Maine,0C55E065-6200-E411-BEB5-00505683000D,Psychology,8298
University of Southern Maine,0C55E065-6200-E411-BEB5-00505683000D,Registered Course,10133
University of Southern Maine,0C55E065-6200-E411-BEB5-00505683000D,,11992
University of Southern Mississippi,0B55E065-6200-E411-BEB5-00505683000D,Psychology,8267
University of Southern Mississippi,0B55E065-6200-E411-BEB5-00505683000D,Registered Course,10134
University of St. Thomas,,Registered Course,10135
University of St. Thomas,,,11993
University of Tampere,AB068774-9D5B-E911-8106-000C29A8E632,Faculty of Social Sciences,8473
University of Tampere,AB068774-9D5B-E911-8106-000C29A8E632,Registered Course,10136
University of Tennessee,83D56495-9D5B-E911-8106-000C29A8E632,Special Education,8456
University of Tennessee,83D56495-9D5B-E911-8106-000C29A8E632,Registered Course,10137
University of Texas Austin,596AF46D-9E5B-E911-8106-000C29A8E632,Special Education,8402
University of Texas Austin,596AF46D-9E5B-E911-8106-000C29A8E632,Special Education - Extension,8497
University of Texas Austin,596AF46D-9E5B-E911-8106-000C29A8E632,Registered Course,10138
University of Texas Rio Grande Valley,31BFF705-081D-E611-998D-0050569C00A7,Education,8623
University of Texas Rio Grande Valley,31BFF705-081D-E611-998D-0050569C00A7,Psychology,8590
University of Texas Rio Grande Valley,31BFF705-081D-E611-998D-0050569C00A7,Registered Course,10139
University of Texas Rio Grande Valley,31BFF705-081D-E611-998D-0050569C00A7,Department of Human Development and School Services,10309
University of Texas San Antonio,FE338BC8-66AD-E411-B490-0050569C00A7,Interdisciplinary Learning & Teaching,8421
University of Texas San Antonio,FE338BC8-66AD-E411-B490-0050569C00A7,Educational Psychology,8409
University of Texas San Antonio,FE338BC8-66AD-E411-B490-0050569C00A7,UnNamedDepartment,8546
University of Texas San Antonio,FE338BC8-66AD-E411-B490-0050569C00A7,Interdisciplinary Learning & Teaching/Educational Psychology,8511
University of Texas San Antonio,FE338BC8-66AD-E411-B490-0050569C00A7,Registered Course,10140
University of Texas San Antonio,FE338BC8-66AD-E411-B490-0050569C00A7,,11994
University of the Pacific,1955E065-6200-E411-BEB5-00505683000D,Psychology,8570
University of the Pacific,1955E065-6200-E411-BEB5-00505683000D,Registered Course,10141
University of Ulster Coleraine,F4F6FE17-9F5B-E911-8106-000C29A8E632,School of Psychology,8446
University of Ulster Coleraine,F4F6FE17-9F5B-E911-8106-000C29A8E632,Registered Course,10142
University of Ulster Coleraine,F4F6FE17-9F5B-E911-8106-000C29A8E632,Psychology,10808
University of Utah,1DEFFF36-9F5B-E911-8106-000C29A8E632,Special Education,8213
University of Utah,1DEFFF36-9F5B-E911-8106-000C29A8E632,Registered Course,10143
University of Virginia,2F7383A1-F5B1-E811-8102-000C29A8E632,Curriculum Instruction and Special Education,8415
University of Virginia,2F7383A1-F5B1-E811-8102-000C29A8E632,"Curriculum, Instruction and Special Education",8455
University of Virginia,2F7383A1-F5B1-E811-8102-000C29A8E632,Registered Course,10144
University of Waikato,1D55E065-6200-E411-BEB5-00505683000D,UnNamedDepartment,8338
University of Waikato,1D55E065-6200-E411-BEB5-00505683000D,School of Psychology,8441
University of Waikato,1D55E065-6200-E411-BEB5-00505683000D,Registered Course,10145
University of Washington,2155E065-6200-E411-BEB5-00505683000D,Education,8557
University of Washington,2155E065-6200-E411-BEB5-00505683000D,Registered Course,10146
University of West Florida,0B58E065-6200-E411-BEB5-00505683000D,Health Science,8596
University of West Florida,0B58E065-6200-E411-BEB5-00505683000D,Center for Behavior Analysis,8203
University of West Florida,0B58E065-6200-E411-BEB5-00505683000D,Health Sciences,8566
University of West Florida,0B58E065-6200-E411-BEB5-00505683000D,Registered Course,10147
University of Wisconsin Madison,,Registered Course,10148
University of Wisconsin Madison,,,11995
University of Wisconsin Milwaukee,69B25356-C5B2-E411-BF61-0050569C00A7,Psychology,8420
University of Wisconsin Milwaukee,69B25356-C5B2-E411-BF61-0050569C00A7,Registered Course,10149
University of Wisconsin Whitewater,92ADA497-9F5B-E911-8106-000C29A8E632,Education,8597
University of Wisconsin Whitewater,92ADA497-9F5B-E911-8106-000C29A8E632,Special Education,8569
University of Wisconsin Whitewater,92ADA497-9F5B-E911-8106-000C29A8E632,Registered Course,10150
University of Zagreb,684E00CF-9F5B-E911-8106-000C29A8E632,"Faculty of Education and Rehabilitation Sciences, University of Zagreb",8504
University of Zagreb,684E00CF-9F5B-E911-8106-000C29A8E632,Registered Course,10151
Università degli Studi di Torino,,Registered Course,10060
Università degli Studi di Torino,,,11967
Uplus Academy,6BAB52FB-9F5B-E911-8106-000C29A8E632,Global Autism Project,8523
Uplus Academy,6BAB52FB-9F5B-E911-8106-000C29A8E632,Registered Course,10152
Utah State University,152FC9F3-5BB1-E411-B490-0050569C00A7,Special Education and Rehabilitation,8424
Utah State University,152FC9F3-5BB1-E411-B490-0050569C00A7,Special Education,8558
Utah State University,152FC9F3-5BB1-E411-B490-0050569C00A7,Registered Course,10153
Utah State University,152FC9F3-5BB1-E411-B490-0050569C00A7,,11996
Utah Valley University,A0BC5342-A05B-E911-8106-000C29A8E632,Behavioral Sciences,8641
Utah Valley University,A0BC5342-A05B-E911-8106-000C29A8E632,Education,8620
Utah Valley University,A0BC5342-A05B-E911-8106-000C29A8E632,School of Education,8564
Utah Valley University,A0BC5342-A05B-E911-8106-000C29A8E632,Registered Course,10154
Vanderbilt University,3C55E065-6200-E411-BEB5-00505683000D,UnNamedDepartment,8524
Vanderbilt University,3C55E065-6200-E411-BEB5-00505683000D,Registered Course,10155
Vanderbilt University,3C55E065-6200-E411-BEB5-00505683000D,Special Education,11609
Walden Univeristy,097383A1-F5B1-E811-8102-000C29A8E632,Registered Course,10156
Walden Univeristy,097383A1-F5B1-E811-8102-000C29A8E632,Psychology,11109
Wayne State University,6A55E065-6200-E411-BEB5-00505683000D,Education,8311
Wayne State University,6A55E065-6200-E411-BEB5-00505683000D,Psychology,8531
Wayne State University,6A55E065-6200-E411-BEB5-00505683000D,Registered Course,10157
Webster University,4263F69F-A05B-E911-8106-000C29A8E632,Multidisciplinary Studies,8233
Webster University,4263F69F-A05B-E911-8106-000C29A8E632,Special Education,8216
Webster University,4263F69F-A05B-E911-8106-000C29A8E632,Registered Course,10158
West Virginia University,337383A1-F5B1-E811-8102-000C29A8E632,Psychology,8230
West Virginia University,337383A1-F5B1-E811-8102-000C29A8E632,UnNamedDepartment,8458
West Virginia University,337383A1-F5B1-E811-8102-000C29A8E632,Registered Course,10159
Western Connecticut State University,3F7383A1-F5B1-E811-8102-000C29A8E632,Education,8210
Western Connecticut State University,3F7383A1-F5B1-E811-8102-000C29A8E632,Registered Course,10160
Western Michigan University,851311B3-1011-E411-B0E2-0050569C00A7,Department of Psychology,8315
Western Michigan University,851311B3-1011-E411-B0E2-0050569C00A7,Special Education,8257
Western Michigan University,851311B3-1011-E411-B0E2-0050569C00A7,Psychology,8237
Western Michigan University,851311B3-1011-E411-B0E2-0050569C00A7,Registered Course,10161
Western New England University,B29346B1-A05B-E911-8106-000C29A8E632,Psychology,8467
Western New England University,B29346B1-A05B-E911-8106-000C29A8E632,Registered Course,10162
Western New Mexico University,,Registered Course,10163
Western University,D19F51CA-A05B-E911-8106-000C29A8E632,Education,8560
Western University,D19F51CA-A05B-E911-8106-000C29A8E632,Registered Course,10164
Westfield State University,D3DBA9E2-A05B-E911-8106-000C29A8E632,Psychology,8490
Westfield State University,D3DBA9E2-A05B-E911-8106-000C29A8E632,Registered Course,10165
Whitworth University,30715163-CF92-E511-A86B-0050569C00A7,Special Education,8431
Whitworth University,30715163-CF92-E511-A86B-0050569C00A7,Registered Course,10166
Whitworth University,30715163-CF92-E511-A86B-0050569C00A7,Education,10311
William James College,8350D0EF-A05B-E911-8106-000C29A8E632,School Psychology,8355
William James College,8350D0EF-A05B-E911-8106-000C29A8E632,Registered Course,10167
Yonsei University,166EA2FD-A05B-E911-8106-000C29A8E632,Institution of Future Learning,8802
Yonsei University,166EA2FD-A05B-E911-8106-000C29A8E632,ABA at Institution of Future Learning,8440
Yonsei University,166EA2FD-A05B-E911-8106-000C29A8E632,Registered Course,10168
Youngstown State University,CA55E065-6200-E411-BEB5-00505683000D,Psychology,8452
Youngstown State University,CA55E065-6200-E411-BEB5-00505683000D,Registered Course,10169
,,,11907
